Most Saturated Month,Best-Selling Product,Most Popular Importer,Most Popular Alcohol Percentage,Average Monthly Revenue,Average Profit by Importing Country
7,"Jaws Atomnaja Prachechnaja / Ipa / 7,2% / 0,5 but",Russia,6.0,7593.058970159974,
7,"Jaws Atomnaja Prachechnaja / Ipa / 7,2% / 0,5 but",Russia,6.0,11650.485343432043,
7,"Jaws Atomnaja Prachechnaja / Ipa / 7,2% / 0,5 but",Russia,6.0,16912.494324911848,
7,"Jaws Atomnaja Prachechnaja / Ipa / 7,2% / 0,5 but",Russia,6.0,14201.848196611503,
7,"Jaws Atomnaja Prachechnaja / Ipa / 7,2% / 0,5 but",Russia,6.0,23199.340884066867,
7,"Jaws Atomnaja Prachechnaja / Ipa / 7,2% / 0,5 but",Russia,6.0,22878.1687507989,
7,"Jaws Atomnaja Prachechnaja / Ipa / 7,2% / 0,5 but",Russia,6.0,37389.98276716391,
7,"Jaws Atomnaja Prachechnaja / Ipa / 7,2% / 0,5 but",Russia,6.0,26838.51265688172,
7,"Jaws Atomnaja Prachechnaja / Ipa / 7,2% / 0,5 but",Russia,6.0,24436.396021437526,
7,"Jaws Atomnaja Prachechnaja / Ipa / 7,2% / 0,5 but",Russia,6.0,14708.17396992651,
7,"Jaws Atomnaja Prachechnaja / Ipa / 7,2% / 0,5 but",Russia,6.0,17963.081561004674,
7,"Jaws Atomnaja Prachechnaja / Ipa / 7,2% / 0,5 but",Russia,6.0,18153.588318602942,
7,"Jaws Atomnaja Prachechnaja / Ipa / 7,2% / 0,5 but",Russia,6.0,,552.0641530054645
7,"Jaws Atomnaja Prachechnaja / Ipa / 7,2% / 0,5 but",Russia,6.0,,746.4673448595246
7,"Jaws Atomnaja Prachechnaja / Ipa / 7,2% / 0,5 but",Russia,6.0,,463.13199999999995
7,"Jaws Atomnaja Prachechnaja / Ipa / 7,2% / 0,5 but",Russia,6.0,,316.3275182481752
7,"Jaws Atomnaja Prachechnaja / Ipa / 7,2% / 0,5 but",Russia,6.0,,3.783333333333333
7,"Jaws Atomnaja Prachechnaja / Ipa / 7,2% / 0,5 but",Russia,6.0,,1865.354117647059
7,"Jaws Atomnaja Prachechnaja / Ipa / 7,2% / 0,5 but",Russia,6.0,,153.00833333333333
7,"Jaws Atomnaja Prachechnaja / Ipa / 7,2% / 0,5 but",Russia,6.0,,474.7149889867842
7,"Jaws Atomnaja Prachechnaja / Ipa / 7,2% / 0,5 but",Russia,6.0,,540.1764743589744
7,"Jaws Atomnaja Prachechnaja / Ipa / 7,2% / 0,5 but",Russia,6.0,,147.38230088495575
7,"Jaws Atomnaja Prachechnaja / Ipa / 7,2% / 0,5 but",Russia,6.0,,426.2818405797102
7,"Jaws Atomnaja Prachechnaja / Ipa / 7,2% / 0,5 but",Russia,6.0,,1881.6666401954797
7,"Jaws Atomnaja Prachechnaja / Ipa / 7,2% / 0,5 but",Russia,6.0,,1195.0566666666666
7,"Jaws Atomnaja Prachechnaja / Ipa / 7,2% / 0,5 but",Russia,6.0,,216.56806451612906
7,"Jaws Atomnaja Prachechnaja / Ipa / 7,2% / 0,5 but",Russia,6.0,,409.5049333333333
7,"Jaws Atomnaja Prachechnaja / Ipa / 7,2% / 0,5 but",Russia,6.0,,172.0472727272727
7,"Jaws Atomnaja Prachechnaja / Ipa / 7,2% / 0,5 but",Russia,6.0,,907.9745454545456
7,"Jaws Atomnaja Prachechnaja / Ipa / 7,2% / 0,5 but",Russia,6.0,,351.5876390465381
7,"Jaws Atomnaja Prachechnaja / Ipa / 7,2% / 0,5 but",Russia,6.0,,597.8415596330276
7,"Jaws Atomnaja Prachechnaja / Ipa / 7,2% / 0,5 but",Russia,6.0,,948.0740694282381
7,"Jaws Atomnaja Prachechnaja / Ipa / 7,2% / 0,5 but",Russia,6.0,,758.5866666666667
7,"Jaws Atomnaja Prachechnaja / Ipa / 7,2% / 0,5 but",Russia,6.0,,418.6743806646526
7,"Jaws Atomnaja Prachechnaja / Ipa / 7,2% / 0,5 but",Russia,6.0,,391.40379566210044
7,"Jaws Atomnaja Prachechnaja / Ipa / 7,2% / 0,5 but",Russia,6.0,,540.8093054771316
7,"Jaws Atomnaja Prachechnaja / Ipa / 7,2% / 0,5 but",Russia,6.0,,543.4273249637856
